Name,Address,Phone,Website,Email,Email_Confidence,Review_Score,Review_Count,Lead_Score,City,Niche,Notes
"The Pendas Law Firm","35 SE 1st Ave 2nd Floor, Ocala, FL 34471","(352) 414-5981","https://www.pendaslaw.com/ocala-personal-injury-lawyer/","mnieves@pendaslaw.com","92%",3.7,3,Hot,Ocala,Accident Attorney,"Only 3 reviews - reputation crisis!"
"Glover Law Firm Car Accident & Personal Injury Lawyer","110 N Magnolia Ave #208, Ocala, FL 34475","(352) 605-6203","https://www.gloverlawfirm.com/ocala-florida-car-accident-lawyer-personal-injury-attorney-near-you/","gordon@gloverlawfirm.com","99%",4.8,25,Hot,Ocala,Accident Attorney,"Low review count despite good rating"
"King Law Firm","2156 E Silver Springs Blvd, Ocala, FL 34470","(352) 629-8747","https://www.kinglawfirm.org/","jarrod@kinglawfirm.org","99%",4.9,46,Hot,Ocala,Accident Attorney,"Excellent rating but low visibility"
"The Briggs Law Firm","310 SE 8th St, Ocala, FL 34471","(352) 671-4600","https://thebriggslawfirm.com/","rbriggs@thebriggslawfirm.com","86%",4.9,64,Warm,Ocala,Accident Attorney,"Moderate presence"
"Hightower & Hightower, P.A.","7 E Silver Springs Blvd #300, Ocala, FL 34470","(352) 629-7777","https://hightowerandhightower.com/","alison@hightowerandhightower.com","99%",4.9,177,Warm,Ocala,Accident Attorney,"Established but room for growth"
"Marianne Howanitz, P.A.","2042 E Silver Springs Blvd, Ocala, FL 34470","(352) 512-0444","https://www.ocalaaccidentlaw.com/","mh@ocalaaccidentlaw.com","95%",4.8,64,Warm,Ocala,Accident Attorney,"Moderate presence"
"Musleh Law Firm","907 SE 3rd Ave, Ocala, FL 34471","(352) 732-0600","https://www.ocalalawyer.com/","victor@ocalalawyer.com","91%",5,95,Warm,Ocala,Accident Attorney,"Perfect rating but low review count"
"Piccin & Glynn","320 NW 3rd Ave, Ocala, FL 34478","(352) 558-8480","https://www.ocalapersonalinjury.law/","john@ocalapersonalinjury.law","99%",4.6,78,Warm,Ocala,Accident Attorney,"Moderate presence"
"Farah & Farah | Ocala Personal Injury & Car Accident Lawyers","4201 E Silver Springs Blvd, Ocala, FL 34470","(352) 205-4023","https://farahandfarah.com/ocala/","bfeifer@farahandfarah.com","98%",4.8,120,Warm,Ocala,Accident Attorney,"Moderate presence"
"J W Chalkley III PA","2107 SE 3rd Ave, Ocala, FL 34471","(352) 629-7511","http://www.chalkleylaw.com/","carlene@chalkleylaw.com","84%",4.3,69,Warm,Ocala,Accident Attorney,"Moderate presence"
"Law Firm Ocala","110 N Magnolia Ave, Ocala, FL 34475","(352) 390-2693","https://lawfirmocala.com/","j.williams@lawfirmocala.com","60%",4.7,163,Warm,Ocala,Accident Attorney,"Moderate presence - low email confidence"
"Smith & Eulo Law Firm: Criminal Defense Lawyers","1515 E Silver Springs Blvd Unit 145, Ocala, FL 34470","(352) 505-9810","https://www.smithandeulo.com/ocala-criminal-defense-attorneys/","dsmith@smithandeulo.com","93%",4.7,91,Warm,Ocala,Accident Attorney,"Moderate presence"
"Pam Olsen Accident and Injury Attorney","1030 SE 17th St, Ocala, FL 34471","(352) 671-9777","https://pamolsenlaw.com/","","",4.8,123,Warm,Ocala,Accident Attorney,"No email found"
"Martinez Manglardi","3131 SW College Rd, Ocala, FL 34474","(866) 349-3623","https://attorneystrialgroup.com/","","",4.9,56,Warm,Ocala,Accident Attorney,"No email found"
"Bagen Law Accident Injury Lawyers - Ocala","1521 S Pine Ave, Ocala, FL 34471","(352) 570-5880","https://bagenlaw.com/ocala-personal-injury-lawyer/","","",4.9,434,Low,Ocala,Accident Attorney,"Well established"
"Allen Law Accident & Injury Lawyers Ocala","112 S Pine Ave, Ocala, FL 34471","(352) 306-8665","https://billallenlaw.com/ocala-personal-injury-lawyer/","","",4.9,447,Low,Ocala,Accident Attorney,"Well established"
"Meldon Law","1326 S Pine Ave, Ocala, FL 34471","(352) 644-8169","https://www.meldonlaw.com/ocala/","","",4.9,225,Low,Ocala,Accident Attorney,"Well established"
"Dan Newlin Injury Attorneys","21 N Magnolia Ave, Ocala, FL 34475","(800) 257-1822","https://www.newlinlaw.com/","","",4.9,1036,Low,Ocala,Accident Attorney,"Major firm - 1000+ reviews"
"Bogin, Munns & Munns Personal Injury & Car Accident Lawyers Ocala","1396 NE 20th Ave STE 400, Ocala, FL 34470","(352) 292-1710","https://www.boginmunns.com/ocala-personal-injury-lawyer/","","",4.9,211,Low,Ocala,Accident Attorney,"Well established"
"Morgan & Morgan","1007 E Silver Springs Blvd, Ocala, FL 34470","(352) 644-2000","https://www.forthepeople.com/office-locations/florida/ocala/","","",4.7,1790,Low,Ocala,Accident Attorney,"National firm - 1700+ reviews"